text,polarity,subjectivity,sentiment
"Google is up 10% since November 2021, even after having the largest net profit on Earth.

Google lost in the last 4 years aggregated 35% of their stock price due to the â€œGoogle will be splitâ€ news posted every month. And now we expect another 25%. Amazing!",0.15625000000000003,0.3354166666666667,positive
I will go hard into it if they do and it does.,-0.2916666666666667,0.5416666666666666,negative
Ill just put 25% of my networth into google if that happens.,-0.5,1.0,negative
"**META FORCES GOOGLE TO SELL CHROME**

is only a 1-character typo lol",0.4,0.85,positive
And it could also go up 25% if they donâ€™t have to sell it,0.0,0.0,neutral
I thought we're only allowed to post how undervalued GOOGL is? Lmao what is this bs,0.3,1.0,positive
"YouTube, Waymo, Android, Google Deepmind, GCP are each potential $500B+ companies, may be $1T.

So, I would love if they brake up (that won't happen, unfortunately).

And I will keep piling up these at these insane low valuations.

It is like Microsoft between 2007-2012, when people didn't realize their potential.",-0.16666666666666666,0.8166666666666668,negative
Calls on Hooli,0.0,0.0,neutral
"And if the judge doesn't force it, Google will drop only 15%",0.0,1.0,neutral
"The anti trust case really makes no sense. If Google is such a monopoly, then why are the all the low IQ Redditors saying Google search is dead? Unfortunately itâ€™s a real headwind though, and by the time it resolves I think the macro economy will be in a bad state with a recession",-0.0833333333333333,0.39444444444444443,neutral
I just bought $50k worth of google shares. I buy what I use. Recently tried Veo 3 and very impressed. No way Chrome is forced to be sold.,0.25,0.3875,positive
"""there were certainly times where we felt a lot worse than we did prior, and other times where we felt better (in terms of GOOGL stock price impact)..."" Thanks, what would we do without this Barclays analyst",0.06488095238095239,0.3744047619047619,neutral
"They lost the case in August where they acted like a monopoly by paying to be the default on Safari. 

Now they're talking about remedies. Personally, I think it's ridiculous that google has to sell of Chrome, as if this will ""make things right"". No sense whatsoever. 

Google earned its advantages in a very highly competitive industry. And it has always been highly competitive and still is. They fought with Yahoo and Bing early on. Then fought to stay relevant in mobile. Then won the browser wars by just being *better* or more liked. They are now fighting with Amazon for shopping. And now their biggest challenge is the AI risk that threatens their Google Search and they are fighting to provide the best models in the world. 

And people have used Google because overall, they like it the best. And for things they don't like that google produced, like Pixel, Google Plus, google workspace etc, they are not the #1 product in the market. 

makes no sense to break out Chrome. If they can't pay to be default, fine. But this makes no sense.",0.34550340136054425,0.5126938775510204,positive
I've heard people saying that they are actively buying google BECAUSE it might get broken up so they can receive shares in the separated companies...,-0.26666666666666666,0.5,negative
Some good FUD here so they can buy in low.,0.35,0.45000000000000007,positive
Chrome wasn't illegally acquired or maintained. Chrome grew organically due to its popularity. Zero chance a forced divestiture would hold up on appeals.,-0.30833333333333335,0.35833333333333334,negative
"The fear mongering is crazy. Can't wait for this case to be over with which will allow the stock to be valued properly. Even if Chrome is separated, I have trust people will just switch to Google.",-0.3,0.5,negative
"'could'

Another worthless, word salad 'article'.

No wonder the news is dying.",-0.8,0.9,negative
"I dont understand. Microsoft has bing, edge, office365 monopoly, azure and many other shit. 

Why Google? Someone please enlighten me?",0.05833333333333333,0.5583333333333333,neutral
lol nice job throwing darts at a board to pick a number Barclays,0.7,0.85,positive
If that happens I will go all-in.,0.0,0.0,neutral
Judge already said he wonâ€™t handicap Google. Divestitures will be minimal slap on the wrist,-0.1,0.6,neutral
"If Google must sell of Chrome. So do Apple sell Safari, Microsoft sell Edge.",0.0,0.0,neutral
This is one stock that has a huge range of going down or up depending on how it resolves this and the ai search ad issue. Sundar is really not that great at this stage of google. He did good stuff before but it may be time for them to shop around,0.3288888888888889,0.5477777777777778,positive
Would the value follow Chrome with the new company?,0.13636363636363635,0.45454545454545453,positive
On that day I will be piling more cash into it,0.5,0.5,positive
Whatâ€™s stopping Google from just making another browser and naming it something else? The reason chrome is chrome is not because of its name. Itâ€™s because of alphabetâ€™s overwhelming efficiency and superior product offering.,0.6,0.95,positive
"Crazy that Google is being punished now when their core business is literally facing the most competition among the big tech -- notably from OpenAI, Perplexity and Bing. Perplexity is nearing the deal with Samsung for default AI on devices. That will be big blow to Google.",0.08,0.42000000000000004,neutral
"It wouldnt make sense to do this. Its open source, you can go build your own chrome if you want.",0.3,0.75,positive
âœ… GOOG far OTM puts = lotto play,0.1,1.0,neutral
"It could also drop 8%, or 33.6% or even 22% or it could go up 7% or 19%.  It could literally do anything.  I feel like Chrome is an absolute trash browser, but I don't know how much it weighs on Google's value.  I'd assume not enough that losing it matters to shareholders to any significant degree.",0.19375,0.61875,positive
"I'm almost certain banks put stuff like this out there solely to become training data for algos, creating a sort of self fulfilling prophecy which can be gamed upon occurence.",0.21428571428571427,0.5714285714285714,positive
And if not?,0.0,0.0,neutral
"It's not a monopoly,Â  it's just a better search engine.Â Â ",0.5,0.5,positive
Good thing they figured out the monopoly just as AI is bringing it to an end.,0.7,0.6000000000000001,positive
"Of all the arguments for breaking up monopolies the one that I didn't see much but should be a primary reason is that most of their products become stale. 

They create an advantage over their competitors or kill them off then sit on their hands from that point on.

I don't see Alphabet's stock falling too much, definitely not 25% but it'll settle at a more realistic price. And their products will get a much needed refreshed improvement.

*Edited for typos",0.18333333333333335,0.40416666666666673,positive
"It's a massively stupid take to say ""Oh i'll just buy a ton if this happens"" and it's very typical of most reddit investors who do zero deep analysis and just buy whatever is down in price (see: UNH).

Losing Chrome would be a game-changer and I'm glad the judge said he ""doesn't want to totally knee-cap Google"" because that's what losing Chrome would be.",-0.024603174603174596,0.6555555555555556,neutral
"Why not spin it off , why would they be forced to sell to a potential competitor",-0.15000000000000002,0.6,negative
"I don't really see the problem if any of these companies are spun off individually the existing Google shareholders will get shares of all the new companies. So what if it goes down 25%, you get a new show worth 25% of the company",0.10286195286195284,0.3163299663299664,positive
i thought it would go UP 25% once the uncertainty is removed?,0.0,0.0,neutral
And I would buy that dip. No one will be using web browsers in two years.,0.0,0.0,neutral
"Iâ€™m confused here because everytime I use a new pc, Microsoft is jamming its browser down my throat. 

I guess no one sees this.",-0.13973063973063973,0.48114478114478115,negative
Breakups have historically worked out pretty well for shareholders and society.,0.125,0.5,positive
"None of these companies could afford Chrome as a distinct entity.
Chrome is worth more than any of them as a stand alone. Pretty shocking failure to differentiate between hype and substance from Barclays, but par for the course given the last 20 years or so.",0.004761904761904768,0.4666666666666667,neutral
"Making them sell chrome is meaningless. Chrome is just chromium with google favors. If Chrome is sold, basically all google components will be removed. Then it is another chromium.

This type of news just reflects how the government or older people are out of touch with the tech.

Probably will fall but not really affecting the long term.",-0.12083333333333333,0.4833333333333333,negative
Traditionally breaking up companies is actually better for investors,0.25,0.625,positive
Oh hell ya I'm jumping in after the drop. Heard Google is cooking up a sweet app to replace Allo/Messenger/Duo/Meet/Hangouts/talk/chat/etc.,0.35,0.65,positive
You will get a chrome stock too.,0.0,0.0,neutral
"I would be hard pressed to invest in Google simply because there is a Google thread every 10 minutes on multiple investing subs. If everyone on Reddit is telling you to invest, it's probably best *not* to invest in Google. The same people who were shilling Nvidia still aren't at the break even point after almost a year. 

My best investment has been CoreWeave. I read damn near every single CoreWeave thread on Reddit and everyone said to avoid this ""dog shit company"". I dropped $5k in and it's up 68%. Yeah, don't ever listen to Reddit.",0.1707671957671958,0.33756613756613757,positive
Musk must be happy.,0.8,1.0,positive
"Isnâ€™t chromium open source?

If it changed hands I assume it would be very trivial  for G to spin up an identical  chromium browser",0.1,0.4,neutral
"It wont be at thst much of a discount, or I will finally buy it",0.1,0.6,neutral
"If the judge does order this, would the order dictate how much Google sells it for? I can't imagine any company would be willing to buy it for any reasonable price, especially when it's mostly open source.",0.13,0.61,positive
Chrome without google already exists. Its the open source Chromium project. The value of Chrome comes from its integration with Google and Android.,0.0,0.5,neutral
When is the verdict though? On diversifying?,0.0,0.0,neutral
"Dumb post, Google is not a mom's basement company ðŸ™„",-0.375,0.5,negative
"Please, they have to do it. End the monopoly on browsing.",0.0,0.0,neutral
I wish that happens so I can load more,0.5,0.5,positive
"Where do they get this 35% statistic? Nowhere does the company mention revenue from Chrome. And how does a browser generate billions in ad revenue? My guess would be collecting data for targeted ads or by defaulting to Google Search, but neither of those seem to be of the utmost importance. Most people will choose Google regardless of default preference.",0.5,0.5,positive
If there forced to sell it theyâ€™ll just make a similar search engine the next day,-0.10000000000000002,0.20000000000000004,negative
"Barclays has been bearish on all tech, especially Google since their latest 13F filing. Go figure. 


Also, remove google from Chrome and it's just Chromium; which already exists. What do they want?",0.25,0.95,positive
"Bit extreme, unless it is bought by a direct rival.",-0.012499999999999997,0.7,neutral
Google can simply delete Chrome.,0.0,0.35714285714285715,neutral
you just know that GOOG is doomed to go down further just because inverse reddit is too strong,0.09259259259259256,0.5074074074074074,neutral
Elon musk could OD and die at any moment and it would be tsla -80%. If this happened then I would go all in on google.,0.0,0.0,neutral
Stay far away from Google.,0.1,1.0,neutral
"Oh google, the Intel of modern era.",0.2,0.3,positive
[deleted],0.0,0.0,neutral
Good let it happen please,0.7,0.6000000000000001,positive
When you account for inflation and the recent decrease in valuation of the US dollar it's actually down a decent amount since then which is even crazier.,0.0037037037037036904,0.4018518518518519,neutral
"At this point, bring it on. If this is another 2022-2023 moment where Google went from $90 to $200, I'll look forward to 2027 at $450.Â ",0.0,0.0,neutral
"Ditto.  

Waymo + Gemini, + more cash than MSFT or AMZN  + lower forward PE than the rest of the SP500

... and my experience, Gemini is simply better than ChatGPT or Grok, at least at math (where I use it).  Better at following instructions and not hallucinating.   And even better at Claude, which other people seem to claim is better at math/coding.  But in my experience Claude is excessively complicated and ChatGPT/Grok make stuff up too aggressively.",0.17500000000000002,0.4861111111111111,positive
"Let's face it, everyone will.",0.0,0.0,neutral
Just having all the worlds best engineers working with nearly endless funding is going to create amazing products. A big google drop would be a great entry.,0.45500000000000007,0.56,positive
"I don't think people realize how much Google's dominance depends on Google Chrome as well as iOS exclusive contracts.

Most consumers just go with the default and don't bother to switch if things are ""good enough""

Right now Google's search engine is vastly inferior to AI search products. It has become terrible in recent years at finding what you're looking for, whereas AI engines are very efficient. Younger generations, which are usually the first to catch on to new trends, have ditched Google in favor of AI search products like ChatGPT.

Right now, Google is literally just propped up by monopoly tactics. Search engine default deals with android phone manufacturers, deals to have their apps preinstalled, Google being the default engine in Chrome. Their core product just isn't good at what it does. But consumers are slow to switch.

If the default search engine of Chrome changes, as well as Safari, Google is going to lose the majority of its users and therefore its revenue. The majority of people still using Google are not going to manually switch back.

Buying the dip now on Google will be like buying to dip on KODAK when people were panic selling over digital cameras.",0.09487734487734487,0.41440596440596433,neutral
"Exactly, Chrome makes zero sense to sell off from a competition perspective. And if the stock falls, I'm buying.",0.25,0.25,positive
"lol when people are saying a stock will drop 25% if something happens, almost guaranteed that it wonâ€™t",0.8,0.7,positive
Same with me. Itâ€™s prob only a few hundred bucks but still.,-0.06666666666666667,0.4083333333333334,neutral
Then Iâ€™d have 125% of my portfolio in it â˜ºï¸,0.0,0.0,neutral
You mean a 1 Alphabet typo?,-0.3125,0.6875,negative
Or they break up and each piece goes up 25%,0.0,0.0,neutral
Bingo,0.0,0.0,neutral
"I think this is the more likely outcome or some kind of settlement that still lets Google keep Chrome. What that would look like? No idea. But Iâ€™d say itâ€™s a pretty realistic possibility that nothing happens materially, Google gets a slap on the wrist and a fine, and the stock shoots up to 200+. Iâ€™m still buying under 170-175. Forward PE of 18 for a quality company like Google is a steal even considering the risks.",0.32222222222222224,0.7055555555555556,positive
"Right? What do they think happens to Chrome if itâ€™s not using Googleâ€™s formula? Some judge is going to force a company to lose 35% of their revenueâ€¦ for being successful?Â 

Apple just testified in court that Google search in Safari was down for the first time ever. There is precedent that they donâ€™t have the alleged monopoly if one of their competitors is taking market share (ChatGPT).Â ",0.206031746031746,0.44158730158730164,positive
"Yup, a dormant titan for now.",0.0,0.0,neutral
Waymo is definitely not a 500B company. I don't think Android would be worth that either based on the revenue estimates.,0.15,0.3,positive
I want to buy in to foxtrot,0.0,0.0,neutral
This guy fucks.,0.0,0.0,neutral
Hope they keep Foxhole and not sublease the HQ to el Pollo loco corporate.,0.0,0.0,neutral
We'll be driving cars with doors that go like this... *motions up and down*,-0.15555555555555559,0.2888888888888889,negative
This + puts on Pied Piper,0.0,0.0,neutral
"The answer is simple, this anti-trust case started in October of 2020, before the AI boom kicked off. Things have changed rapidly since then and neither the courts nor the DOJ have really adjusted their perspective.",0.1,0.2785714285714286,neutral
Makes less sense after Apple testified that Google search decreased yoy for the first time ever.Â ,-0.10555555555555556,0.36666666666666664,negative
It makes more sense when you realize the people who run this country are totally tech illiterate,0.25,0.625,positive
It's not just search though. It's the removal of adblock extensions while owning YouTube and railroading customers away from options that exist on Firefox and other browsers while burying search results in favor of paid and sponsored results,-0.125,0.375,negative
"I highly doubt they will sell chrome. I doubt anyone would want it.Â 


The entire value is because it's linked to your Google accounts and stuff. If that's not in built it's just another browser. They'll probably just bung it into some non profit like Mozilla.Â 


Mean time they can track you very well from the Google website and the various other shit everyone's signed up for like youtube, Gemini, Gmail, docs, photos, android, wallet etc. not to mention the as sense network.Â ",-0.03964285714285714,0.5467857142857142,neutral
"Then sell Apple, same thing. Forcing their customers to be locked in their ecosystem and to only use their services, and pay big bucks to famous brands to be only compatible with apple products.",0.1,0.645,neutral
"And hereâ€™s a (gift, no paywall) article from this morningâ€™s NY Times just about this: https://www.nytimes.com/2025/06/02/technology/google-antitrust-breakup.html?unlocked_article_code=1.L08.LiYi.Fq7XzmQfCUVc&smid=nytcore-ios-share&referringSource=articleShare",0.0,0.0,neutral
Which is the dumbest take one can have but that's your typical reddit value investor,-0.16666666666666666,0.5,negative
Because fuck your calls,-0.4,0.6,negative
"Edge is also Chromium based

As in Googleâ€™s chrome is open source and competitors - even IE the former 800lb gorilla in browsers - are able to run the near identical software. For free

Bad for the consumer??",0.050000000000000024,0.4986111111111111,neutral
"I think Sundar is cooking perfectly. He's got all his chips perfectly placed. DeepMind is the #1 AI lab by a long shot, simply because of freedom of research. Hassabis isn't constrained by boosting subscription numbers for the next funding round. The man has total freedom of exploration of research, the founder with supermajority voting share sitting next to him putting in research hours every day (this is the BIGBIGBIG signal in my mind that GOOG is all fucking in behind the scenes), and a cash generating machine underneath their feet. Anthropic doesn't have the compute or balls to pull off leading the AI space, and OAI is far too concerned with subscription numbers to bolster funding.",0.14500000000000002,0.5607142857142857,positive
"Probably not. While chrome would have an initial boom for the company (because new asset likely being sold for cheap by government force), how long until Google comes out with a new browser that is better? How long until users start wanting Chrome to do better or start complaining about its performance compared to whatever google is pumping out?

Google is *king* of either ""Buy a product that we don't have time, resources, or simply don't care enough to reproduce that enhances our core product line"" while also being king of ""We can outdo most competitors on cost, performance, etc"".

While there is no (or very few) competitors, they have no reason to make their product better. If chrome goes away from Google, Google suddenly has a reason to make a better chrome.",0.17579545454545453,0.4622646103896103,positive
Why are we assuming Google would sell Chrome instead of simply closing that business?,0.0,0.35714285714285715,neutral
"No one makes money with â€œdefault chatbotsâ€. 

They make money from the Search Browser. 

Which very very very few people do for Perplexity. Hence itâ€™s dogshit low valuation and struggle to raise funds. Google AI Mode already killed Perplexityâ€™s recent equity round",-0.132,0.21600000000000003,negative
Lotto as in 0.0001% chance of success?,0.3,0.0,positive
What timeframe,0.0,0.0,neutral
Settle at a more realistic price? lol Itâ€™s the most undervalued mag7 tech company.,0.4916666666666667,0.5083333333333333,positive
Google was dominant before Chrome.,0.0,0.0,neutral
Very little chance a forced divesture of Chrome stands up through appeals.,-0.27187500000000003,0.42500000000000004,negative
"UNH is on sale, simple as that. Time will prove it.

RemindMe! 2 years",0.0,0.35714285714285715,neutral
Did you buy ?,0.0,0.0,neutral
"Reddit was higher on Meta than the market in 2022, which is the best comparison to what's happening to Google now.",0.625,0.4,positive
"Pushing a stock like PLTR or Reddit, or some other lower quality meme stock, yes Iâ€™d agree with you. Google though? IMO this is the rare time where the masses are more likely right than wrong. A quality company with the influence and cash flow generation it has trading at a forward PE of 18â€¦16 if your looking a bit further out is good value right now when every other quality tech company is trading at 28-34 or higher. Even the index is at 24 soâ€¦this time Iâ€™m agreeing with Reddit and have been long since 150. YouTube alone if probably worth about 400-500b easy.",0.1610544217687075,0.5753401360544217,positive
Wouldn't rule out a +5% even on that day for TSLA,0.0,0.0,neutral
No. Iâ€™m fine with it being a 1-2% of my portfolio.,-0.20833333333333334,0.5,negative
Stay far away from SPY and QQQ then,0.1,1.0,neutral
Drop â€œupâ€ to 25%,0.0,0.0,neutral
Remember Google owns like 10-15% of Anthropic which makes Claude aswell,0.0,0.0,neutral
"could spin out YouTube (the biggest streaming platform on the planet). 

I mean, from an investor standpoint, owning very well-funded, best in class businesses *with laser focus* might be better than owning whatever the next Google+ or Google Glass.",0.27749999999999997,0.35750000000000004,positive
Not to mention the proceeds from the divestiture,0.0,0.0,neutral
Donâ€™t forget YouTube. PEâ€™s on these companies will skyrocket and make us even richer if Google gets broken up.,-0.4,0.4,negative
Why math?,0.0,0.0,neutral
"> Buying the dip now on Google will be like buying to dip on KODAK when people were panic selling over digital cameras.

That comparison only makes sense if KODAK was also selling the best digital camera on the market",0.25,0.325,positive
"Edge is preloaded on every Windows OS system. Bing is the default search. Chrome is required to be downloaded. 

And yet 95% of users choose to use Google.",0.0,0.0,neutral
Theyâ€™ve used Chrome usersâ€™ engagement data to bolster their algorithms and create a moat in search. They are trying to do the same with gen-AI using this humongous amount of proprietary data.,0.0,0.125,neutral
"Coming soon, new google browser ""zinc""",0.13636363636363635,0.45454545454545453,positive
"Agreed, this is a bit silly. How many companies can even afford to buy it? Google can also just make a new browser and name it something else.",0.04545454545454545,0.6098484848484849,neutral
"this whole google chrome sell possibility is what you do in a deal when you pretend you want something, just in order for the other party to want it out, so you give it up and really lose nothing because its not a big deal for you",0.06875,0.26875000000000004,neutral
"Don't sell it, just open source it.",0.0,0.5,neutral
"It will go up if anything, just got done watching YouTube   , google isnâ€™t going anywhere",0.0,0.0,neutral
"I donâ€™t see how chatGPT beats Google when they have a seamless way of integrating an equal or better AI - Gemini - into all their services, platforms, and searches that people already universally use. While ChatGPT is mostly an isolated software/app.",0.22000000000000003,0.27,positive
Google pays Apple a hefty sum to be the default search engine.,0.0,0.0,neutral
"Mate, Tesla's 1T is literally based on the ""robotaxi"" dream. A dream that is already reality with Waymo.",0.0,0.0,neutral
"With LLMâ€™s coming out I feel like this should be dismissed. But even without LLMâ€™s, there are multiple browsers and search engines available to use.",0.2,0.2,positive
"You doubt anyone would want it? Yeah itâ€™s integrated with google services with a lot of synergies but the massive amounts of precious data flow through it every second, for data companies itâ€™s gold mine. It has 70% of browsers market share and can direct this userbase to anything in seconds.Â ",0.15,0.6,positive
Wallstreet and Barrons always talk shit like this. They have no idea how intertwined the different services are in a Tech conglomerate like GOOGL. Those idiots think this is like an Oil Company or GE where every devision is cooking their own meal.,-0.1,0.8,neutral
"I have been wondering as well, can u explain why that is a dumb take?",-0.375,0.5,negative
"Not really, there is precedent for that.  I wouldn't say I agree with the sentiment but it's obviously not the dumbest take.",-0.05,0.35,neutral
damn you know nothing about stocks if you say the shit your saying now LOL,0.30000000000000004,0.75,positive
"Him paying 32 billion cash for a 5 year old
Startup tells you that he couldnâ€™t spin up an internal team for a fraction of that cost? It took years to get that revenue and they are pissing it away on a security app. Iâ€™m not impressed at all.",-0.13333333333333333,0.39999999999999997,negative
[deleted],0.0,0.0,neutral
"Not sure, I would assume if it has value, it would be beneficial to sell or break away to its own company.  But happy to be corrected, not sure how these things play out.  If it was sold, I would think shareholders would get some kind of consideration.",0.3,0.9355555555555556,positive
"No it's not, dig deeper than Reddit for research",0.0,0.0,neutral
"I will be messaging you in 2 years on [**2027-06-03 22:48:36 UTC**](http://www.wolframalpha.com/input/?i=2027-06-03%2022:48:36%20UTC%20To%20Local%20Time) to remind you of [**this link**](https://www.reddit.com/r/stocks/comments/1l1pb6a/alphabet_stock_could_drop_up_to_25_if_judge/mvurmhq/?context=3)

[**CLICK THIS LINK**](https://www.reddit.com/message/compose/?to=RemindMeBot&subject=Reminder&message=%5Bhttps%3A%2F%2Fwww.reddit.com%2Fr%2Fstocks%2Fcomments%2F1l1pb6a%2Falphabet_stock_could_drop_up_to_25_if_judge%2Fmvurmhq%2F%5D%0A%0ARemindMe%21%202027-06-03%2022%3A48%3A36%20UTC) to send a PM to also be reminded and to reduce spam.

^(Parent commenter can ) [^(delete this message to hide from others.)](https://www.reddit.com/message/compose/?to=RemindMeBot&subject=Delete%20Comment&message=Delete%21%201l1pb6a)

*****

|[^(Info)](https://www.reddit.com/r/RemindMeBot/comments/e1bko7/remindmebot_info_v21/)|[^(Custom)](https://www.reddit.com/message/compose/?to=RemindMeBot&subject=Reminder&message=%5BLink%20or%20message%20inside%20square%20brackets%5D%0A%0ARemindMe%21%20Time%20period%20here)|[^(Your Reminders)](https://www.reddit.com/message/compose/?to=RemindMeBot&subject=List%20Of%20Reminders&message=MyReminders%21)|[^(Feedback)](https://www.reddit.com/message/compose/?to=Watchful1&subject=RemindMeBot%20Feedback)|
|-|-|-|-|",0.0,0.0,neutral
Thats not investing. Thats just playing.,0.0,0.0,neutral
"Yeah, Google's big enough to push and shove SPY and QQQ around, and if it's dropping 10% on legal news, it'll drop both.


It's just days like today and up to probably a 3% move where they're not of note.",0.06666666666666667,0.26666666666666666,neutral
I see,0.0,0.0,neutral
"I kind of hope Claude and Gemini merge at some point. Gemini is cheap and powerful, Claude has better personality and epistemic humility. I would love a model that had the best of both.",0.5499999999999999,0.6666666666666666,positive
Man YouTube standalone would be worth even more than Netflix. It would be amazing to see a spinoff of either that or Google Cloud.,0.46666666666666673,0.5,positive
"Because that's what I do for a living.  I use it in the same way that earlier humans used calculators and spreadsheets... to help me solve things.

One has to be very careful because it can make stuff up, it can be wrong.  So it's a constant back and forth, each of us checking each other's work.  It's like a have a coauthor who is a genius but also on drugs, so he makes weird claims too.",-0.156875,0.5291666666666667,negative
"1. The actual number for desktop users is 79.43%. But this also includes Macbook users, and Chromebook users(huge in schools). If you only look at Windows(where Google is not default), the number is substantially lower, probably closer to 60-70%.

2.  Edge is a lousy browser compared to Chrome, so a lot of people use Chrome, and Google is the default search engine.  If it was the search engine that was the issue, people would just set Chrome as their search engine within edge. 

3. AI Search products do not show up in Search engine market share charts. So if I use ChatGPT, Grok, etc to answer my question, that isn't logged as search engine activity. So arguing Google has 80% market share is like Arguing that Kodak still has 90% market share of camera film and traditional cameras, so digital cameras aren't a threat.

4. Google's presence on mobile influences desktop decisions. If your Android phone comes with Google apps, Google chrome, obviously you want Google on your PC to sync with mobile. But what if your phone no longer comes with Google preinstalled due to anti-trust action? Then the decision is no longer made for you.",-0.065625,0.415625,neutral
"Maybe, but so far their generative AI has proven to be very lackluster in terms of search. Their AI search previews are still so inaccurate to the point that they're useless and just get in the way of actual results. And the actual results is filled with SEO junk.

Their video generation AI is pretty cool, I can see how it succeeded since they own YouTube, but their text LLM is awful.

You'd think they would be in a position to succeed, but somehow, their technical progress has been lacking. I'm not sure why this might be. Perhaps laying off a ton of senior engineers set them behind the competition.",-0.01923076923076924,0.6106837606837607,neutral
"Come back. Zinc, come back. Zinc!",0.0,0.0,neutral
They should go with Gold since thatâ€™s the new trend.. /s,0.13636363636363635,0.45454545454545453,positive
LOL,0.8,0.7,positive
Chrome is huge for Google. It's huge.,0.4000000000000001,0.9,positive
It is open source though,0.0,0.5,neutral
"I agree, but donâ€™t lose sight that ChatGPT is kind of a branch of Microsoft given they own the IP",0.6,0.95,positive
"*paid.

They arenâ€™t paying Apple $20B a year anymore to be default.Â ",0.0,0.0,neutral
"Well firstly I'd say Tesla is ridiculously overvalued, and secondly it's not just robotaxis. It has a car company attached to it and loads of other shit like battery and solar cell production",-0.08166666666666667,0.5016666666666667,neutral
"Almost every browser uses Chromium, though. Google could just arbitrarily decide ""Nah, we won't allow adblockers to block Google served ads on Chromium, but everyone else can be blocked"" which puts them in a near total monopolized state. 

IIRC, Mozilla is the only browser that doesn't have a chromium base, and it's exactly the reason everyone should use them instead.",-0.09166666666666667,0.6666666666666666,neutral
"Yea my impression is not that the courts ruled Google had abused its monopoly status *because* of Chrome, just that they had done so generally, and they were looking for a remedy that would appropriately dilute that advantage, and spinning off Chrome seemed like a decent option. Honestly I feel the fact that Google pays Apple 20billion to put their search on iphones is a far bigger anticompetitive move lol.",0.3166666666666667,0.680952380952381,positive
"Agree, I work at AMZN and can see firsthand what a clusterfuck separating AWS from everything else would be.",0.0,0.0,neutral
"I think the idea is being forced to sell Chrome is different than spinning it off into a subsidiary. If it spun off and you got shares, then great! If its forced to sell to OpenAI (which makes no f-ing sense to me) then that's lost future revenue, and no compensated shares just cash comp.",0.07999999999999999,0.375,neutral
"Well first of all Chrome is driving all of its users toward google search, their biggest cash cow, and other google services. Without directing everyone to a search engine chrome is worth almost nothing, and without Chrome google search would have less users and an eroded moat. Chrome as the biggest browser also gives Google a huge amount of power to push web standards and APIs in their favor. There's a really high degree of synergy here. You have similar synnergies with their other products. Take youtube - a good platform for injecting ads into user's eyeballs. They're gathering data from those same users through their google searches, through their gmails, maps usage etc in order to target the best ad on youtube. And their youtube watch history provides more data to show the correct ad in search etc. They use all this data to train their AI models as well. If this all gets broken up then each individual business is massively weakened. There are tonnes more examples like this - they host their products on their own google cloud without having to pay, for example.",0.1922222222222222,0.4489814814814815,positive
^ your typical reddit investor,-0.16666666666666666,0.5,negative
ZScaler is just like Wiz and is worth $45bn today.,0.3,0.1,positive
Couldn't give a shit about any micro details about the company like that. It's all a macro bet on an economic paradigm shift and who's going to lead it. I think its going to be GOOG,0.0,0.5,neutral
"Sergey Brin is reportedly ""in office daily"" with the DeepMind team. At least that's the message Google and Brin are trying to project to the market on a number of recent podcasts/GOOG I/O. Basically, what that signals to me is the supermajority voters are all in on AI and recognize the importance of DeepMind going forward. It's important enough to get Brin off the Yacht and seaside cafe's living his life of extreme leisure.",-0.004166666666666661,0.525,neutral
"Not gonna happen. Claude is well positioned to be the EU's counterpart to the american/Chinese AI, and with Europe's more stringent regulations that's a big plus, even ignoring all the national security aspects.",0.25,0.3,positive
I hope they merge and call the AI The Great Claudini,0.8,0.75,positive
"Gemini, when asked what epistemic humility is:

Epistemic humility is a philosophical concept that refers to the recognition and acceptance of the inherent limits and fallibility of one's own knowledge and understanding. It's an intellectual virtue that stands in contrast to epistemic arrogance, which is the unwarranted belief in one's own intellectual superiority or the certainty of one's knowledge.
Here are the key aspects of epistemic humility:
Â * Acknowledgment of limitations: It involves understanding that our knowledge is always incomplete, provisional, and subject to revision. We don't and can't know everything.
Â * Openness to revision: A person with epistemic humility is willing to re-evaluate their beliefs in light of new evidence, different perspectives, or compelling arguments. They are not rigidly attached to their current understanding.
Â * Awareness of bias and interpretation: It recognizes that our perception and understanding of the world are shaped by our existing beliefs, experiences, cultural background, and cognitive biases. We acknowledge that our knowledge is always ""interpreted, structured, and filtered by the observer.""
Â * Curiosity and continuous learning: Rather than leading to apathy, epistemic humility fosters a mindset of ongoing intellectual investigation and growth. It encourages questioning, seeking new information, and engaging in constructive dialogue.
Â * **Socrates' ""knowing that I know nothing"": This famous dictum from Socrates is often cited as an early example of epistemic humility. He recognized that his wisdom lay in his awareness of his own ignorance, unlike others who claimed to know much but actually knew little.
Â * Avoiding overconfidence: It means expressing one's beliefs with a degree of confidence that is justified by the evidence, rather than making absolute or dogmatic claims.
In essence, epistemic humility is about maintaining an open, inquisitive, and self-critical stance towards one's own knowledge, fostering a disposition that is conducive to learning, critical thinking, and respectful intellectual engagement.",0.22895202020202016,0.5864141414141414,positive
True,0.35,0.65,positive
Weird focus on just desktop. Mobile matters more to investors than,0.0,0.75,neutral
Why is Edge a bad browser compared to Chrome? It's just a reskinned Chrome with a couple of Microsoft UX changes.,-0.6999999999999998,0.6666666666666666,negative
"I'm not saying their gen-AI solution is better, at all. They haven't connected all their treasure trove of user engagement data yet. For engineering, don't forget that Google is a gigantic corporation with a lot to lose, they will avoid disrupting their business model at all cost. Anthropic and OpenAI could come in, move fast, and break things.",0.35,0.55,positive
"Chromium is open source, not sure about chrome, is it?",-0.125,0.6944444444444444,negative
"Oh for sure. For enterprise services Microsoft and OpenAI will definitely be a huge player when AI is monetized. But for consumer front end I think Gemini will dominate. But who knows, Iâ€™ve been wrong before, and if Iâ€™m wrong again, it wonâ€™t be my last.",-0.019999999999999973,0.731111111111111,neutral
"Firefox and safari.  Google pays both of them to be the default search, which is kinda monopolistic, but the user still has the choice to not use it. Mozilla depends on that money to survive by the way, so the anti trust case could hurt more than it helps.",0.5,0.5,positive
"I ended up switching to Firefox and found it way better than Chrome. The Android version of the app supports plugins, so that allows ad blockers to work on mobile. On my aging Macbook, Firefox actually was actually usable. With Chrome, it just seemed to be choked and incredibly stutter-y and slow. Not sure if it has to do with lower memory usage or something else.",0.14166666666666664,0.48148148148148145,positive
"lol I concur about the payment to Apple.  Apple does NOT want to lose that $20B either by the way. This is a serious headwind for both companies, even though I want Google to win and succeed.",0.4222222222222223,0.5888888888888889,positive
"Wouldn't it be business as usual for most teams using public AWS products just like external customers?

Losing internal apis/pricing tiers/support definitely adds challenges but doesn't sound like an immediate crisis.",0.09285714285714286,0.2595238095238095,neutral
"sry bud but your not that guy, your not that guy.",0.0,0.0,neutral
"Anthropic is associated with Google and borrowing some of their technology and infrastructure, so just making Claude's inference cheaper and more feature-rich would be a huge upgrade.",0.45000000000000007,0.7,positive
"I'm not saying Gemini can't define it, but in my experience Claude is much more willing to say ""I'm uncertain"" about things it doesn't know. It also tends to hallucinate less.",0.19444444444444445,0.4388888888888889,positive
"You're the one that mentioned Edge/Windows.

Their dominance on mobile is almost entirely because of monopoly tactics. When the US gov puts a stop to it, they won't be as dominant.",0.0,0.625,neutral
"That isn't actually true- while both browsers are based on Chromium, Google chrome has a lot of optimizations.",0.35,0.65,positive
Chrome is not.,0.0,0.0,neutral
"Most users on Mac don't use safari. Google paying to be a default isn't really monopolistic, IMO. Do we say that Peter Pan peanut butter is a monopoly because they pay Walmart and other grocery stores to be at eye level?

Edit: removed that Firefox doesnt work on mac. It used to not when I was on mac. So many of you decided to tell me it was annoying.",0.05499999999999998,0.495,neutral
"??????
- from Firefox on Mac",0.0,0.0,neutral
Firefox works perfectly well on MacOS,1.0,1.0,positive
Unfortunately the judge views it as an anti-competitive practice,-0.5,1.0,negative
